"start";"end";"today";"Nombre de la Unidad Educativa";"Descripción";"Ubicación";"_Ubicación_latitude";"_Ubicación_longitude";"_Ubicación_altitude";"_Ubicación_precision";"Tipo de dependencia";"Tipo de dependencia/Fiscal";"Tipo de dependencia/Privado";"Tipo de dependencia/Convenio";"Turno";"Turno/Mañana";"Turno/Tarde";"Turno/Noche";"Niveles";"Niveles/Inicial";"Niveles/Primario";"Niveles/Secundario";"Foto";"Foto_URL";"Tipo";"Tipo/Fiscal";"Tipo/Privado";"Tipo/Convenio";"Mensualidad";"Area";"Frente";"start-geopoint";"_start-geopoint_latitude";"_start-geopoint_longitude";"_start-geopoint_altitude";"_start-geopoint_precision";"username";"deviceid";"phonenumber";"_id";"_uuid";"_submission_time";"_validation_status";"_notes";"_status";"_submitted_by";"__version__";"_tags";"_index"
"2025-03-28T18:30:17.798-04:00";"2025-03-31T22:05:06.945-04:00";"2025-03-27";"AVE MARÍA FUNDACIÓN MANOS ABIERTAS VIRGEN DE LA NATIVIDAD";"https://seie.minedu.gob.bo/reportes/mapas_unidades_educativas/ficha/ver/80730922";"-16.47423 -68.117591 3756.09 10.8";"-16.47423";"-68.117591";"3756.09";"10.8";"";"";"";"";"";"";"";"";"";"";"";"";"Ave-22_5_1.jpg";"https://kc.kobotoolbox.org/media/original?media_file=andreschirinos%2Fattachments%2F1da2d6884660450ca3ea71e7b896b29e%2Ff6760776-2648-4548-a090-49a4e9c30ea6%2FAve-22_5_1.jpg";"Privado";"0";"1";"0";"";"";"";"-16.50604 -68.126852 3589.000244140625 21.0049991607666";"-16.50604";"-68.126852";"3589.000244140625";"21.0049991607666";"username not found";"ee.kobotoolbox.org:lNzBS6V8FPw2CQiE";"phonenumber not found";"457573291";"f6760776-2648-4548-a090-49a4e9c30ea6";"2025-03-28T22:35:21";"";"";"submitted_via_web";"";"vDjpA9bnrPCZMmszWgXagg";"";"1"
"2025-03-28T18:35:20.739-04:00";"2025-03-28T18:41:06.045-04:00";"2025-03-27";"RENE ZAMORA";"https://seie.minedu.gob.bo/reportes/mapas_unidades_educativas/ficha/ver/80730213";"-16.4755119 -68.1211406 3752.39 6.59";"-16.4755119";"-68.1211406";"3752.39";"6.59";"";"";"";"";"";"";"";"";"";"";"";"";"";"";"Fiscal";"1";"0";"0";"";"";"";"-16.506075 -68.126961 3589.000244140625 44.64799880981445";"-16.506075";"-68.126961";"3589.000244140625";"44.64799880981445";"username not found";"ee.kobotoolbox.org:lNzBS6V8FPw2CQiE";"phonenumber not found";"457574102";"38ee665b-193f-4ae0-9f02-75bdaa69c775";"2025-03-28T22:41:06";"";"";"submitted_via_web";"";"vDjpA9bnrPCZMmszWgXagg";"";"2"
"2025-03-28T18:41:06.078-04:00";"2025-03-31T22:11:43.025-04:00";"2025-03-27";"Hernando Siles I";"https://seie.minedu.gob.bo/reportes/mapas_unidades_educativas/ficha/ver/80730218";"-16.4756901 -68.1210189 3749.59 5.54";"-16.4756901";"-68.1210189";"3749.59";"5.54";"";"";"";"";"";"";"";"";"";"";"";"";"pt_hernando_siles__20250328_170402_6508123048890620161-18_45_26.jpg";"https://kc.kobotoolbox.org/media/original?media_file=andreschirinos%2Fattachments%2F1da2d6884660450ca3ea71e7b896b29e%2Feb5d60b4-3008-410c-b91b-144c18d58da8%2Fpt_hernando_siles__20250328_170402_6508123048890620161-18_45_26.jpg";"Fiscal";"1";"0";"0";"";"";"";"-16.50611 -68.127024 3590.2001953125 33.79399871826172";"-16.50611";"-68.127024";"3590.2001953125";"33.79399871826172";"username not found";"ee.kobotoolbox.org:lNzBS6V8FPw2CQiE";"phonenumber not found";"457574608";"c703d890-c36a-4e51-ac6e-6b1c4b59ea90";"2025-03-28T22:45:42";"";"";"submitted_via_web";"";"vDjpA9bnrPCZMmszWgXagg";"";"3"
"2025-03-28T18:45:41.006-04:00";"2025-03-28T18:50:29.148-04:00";"2025-03-27";"HERNANDO SILES REYES";"https://seie.minedu.gob.bo/reportes/mapas_unidades_educativas/ficha/ver/80730219";"-16.4756901 -68.1210189 3749.59 5.54";"-16.4756901";"-68.1210189";"3749.59";"5.54";"";"";"";"";"";"";"";"";"";"";"";"";"pt_simon_rodriguez__20250328_170439_8030783753906404031-18_49_50.jpg";"https://kc.kobotoolbox.org/media/original?media_file=andreschirinos%2Fattachments%2F1da2d6884660450ca3ea71e7b896b29e%2F2ce96fa2-79aa-4918-9429-680cc0525bc8%2Fpt_simon_rodriguez__20250328_170439_8030783753906404031-18_49_50.jpg";"Fiscal";"1";"0";"0";"";"";"";"-16.506089 -68.126846 3589.000244140625 19.719999313354492";"-16.506089";"-68.126846";"3589.000244140625";"19.719999313354492";"username not found";"ee.kobotoolbox.org:lNzBS6V8FPw2CQiE";"phonenumber not found";"457575180";"2ce96fa2-79aa-4918-9429-680cc0525bc8";"2025-03-28T22:50:30";"";"";"submitted_via_web";"";"vDjpA9bnrPCZMmszWgXagg";"";"4"
"2025-03-28T18:50:29.209-04:00";"2025-03-28T19:00:18.378-04:00";"2025-03-27";"SIMON RODRIGUEZ CARREÑO A";"https://seie.minedu.gob.bo/reportes/mapas_unidades_educativas/ficha/ver/80730562";"-16.4756901 -68.1210189 3749.59 5.54";"-16.4756901";"-68.1210189";"3749.59";"5.54";"";"";"";"";"";"";"";"";"";"";"";"";"pt_hernando_siles__20250328_170402_6508123048890620161-18_59_51.jpg";"https://kc.kobotoolbox.org/media/original?media_file=andreschirinos%2Fattachments%2F1da2d6884660450ca3ea71e7b896b29e%2F34ec7452-2641-4152-88f4-5746701d65e1%2Fpt_hernando_siles__20250328_170402_6508123048890620161-18_59_51.jpg";"Fiscal";"1";"0";"0";"";"";"";"-16.50605 -68.126848 3589.900146484375 20.57200050354004";"-16.50605";"-68.126848";"3589.900146484375";"20.57200050354004";"username not found";"ee.kobotoolbox.org:lNzBS6V8FPw2CQiE";"phonenumber not found";"457576483";"34ec7452-2641-4152-88f4-5746701d65e1";"2025-03-28T23:00:19";"";"";"submitted_via_web";"";"vDjpA9bnrPCZMmszWgXagg";"";"5"
"2025-03-28T19:00:22.361-04:00";"2025-03-28T19:03:17.323-04:00";"2025-03-27";"Unidad Educativa Agustin Azpiazu";"https://seie.minedu.gob.bo/reportes/mapas_unidades_educativas/ficha/ver/80730468";"-16.50779914856 -68.129577636719 0 0";"-16.50779914856";"-68.129577636719";"0";"0";"";"";"";"";"";"";"";"";"";"";"";"";"";"";"Fiscal";"1";"0";"0";"";"";"";"";"";"";"";"";"username not found";"ee.kobotoolbox.org:EerG1Rk0lldmTwBR";"phonenumber not found";"457576923";"acde7f6d-b28b-4180-9e9b-9b4f8aa22963";"2025-03-28T23:03:23";"";"";"submitted_via_web";"";"vYtV96ZPoQpbPeiuPBnYNz";"";"6"
"2025-03-28T19:03:17.359-04:00";"2025-03-28T19:04:11.000-04:00";"2025-03-27";"Republica del Perú";"https://seie.minedu.gob.bo/reportes/mapas_unidades_educativas/ficha/ver/80730462";"-16.506560769893 -68.128680959344 0 0";"-16.506560769893";"-68.128680959344";"0";"0";"";"";"";"";"";"";"";"";"";"";"";"";"";"";"Fiscal";"1";"0";"0";"";"";"";"";"";"";"";"";"username not found";"ee.kobotoolbox.org:EerG1Rk0lldmTwBR";"phonenumber not found";"457577063";"3b9d7e75-ed4d-4560-a88e-3cebd8dce246";"2025-03-28T23:04:11";"";"";"submitted_via_web";"";"vYtV96ZPoQpbPeiuPBnYNz";"";"7"
"2025-03-28T19:04:11.027-04:00";"2025-03-28T19:06:10.999-04:00";"2025-03-27";"Max Paredes 1";"https://seie.minedu.gob.bo/reportes/mapas_unidades_educativas/ficha/ver/80730587";"-16.506560769893 -68.128680959344 0 0";"-16.506560769893";"-68.128680959344";"0";"0";"";"";"";"";"";"";"";"";"";"";"";"";"";"";"Fiscal";"1";"0";"0";"";"";"";"";"";"";"";"";"username not found";"ee.kobotoolbox.org:EerG1Rk0lldmTwBR";"phonenumber not found";"457577236";"6ecd91a1-f49b-4639-9539-61f722be4a04";"2025-03-28T23:06:11";"";"";"submitted_via_web";"";"vYtV96ZPoQpbPeiuPBnYNz";"";"8"
"2025-03-28T19:06:20.640-04:00";"2025-03-28T19:06:47.882-04:00";"2025-03-27";"Beata Placida 1";"https://seie.minedu.gob.bo/reportes/mapas_unidades_educativas/ficha/ver/80730501";"-16.5076007843018 -68.127815246582 0 0";"-16.5076007843018";"-68.127815246582";"0";"0";"";"";"";"";"";"";"";"";"";"";"";"";"";"";"Fiscal";"1";"0";"0";"";"";"";"";"";"";"";"";"username not found";"ee.kobotoolbox.org:EerG1Rk0lldmTwBR";"phonenumber not found";"457577301";"8b22dcfb-8a41-48b2-bf86-1208346c8e47";"2025-03-28T23:06:48";"";"";"submitted_via_web";"";"vYtV96ZPoQpbPeiuPBnYNz";"";"9"
"2025-03-28T19:00:18.449-04:00";"2025-03-31T22:13:16.819-04:00";"2025-03-27";"SIMON RODRIGUEZ CARREÑO B";"https://seie.minedu.gob.bo/reportes/mapas_unidades_educativas/ficha/ver/80730678";"-16.4756901 -68.1210189 3749.59 5.54";"-16.4756901";"-68.1210189";"3749.59";"5.54";"";"";"";"";"";"";"";"";"";"";"";"";"pt_hernando_siles__20250328_170402_6508123048890620161-19_6_7.jpg";"https://kc.kobotoolbox.org/media/original?media_file=andreschirinos%2Fattachments%2F1da2d6884660450ca3ea71e7b896b29e%2F491a3eb7-99d2-40dc-95fb-a2597feb3efc%2Fpt_hernando_siles__20250328_170402_6508123048890620161-19_6_7.jpg";"Fiscal";"1";"0";"0";"";"";"";"-16.506093 -68.126746 3589.000244140625 20.20400047302246";"-16.506093";"-68.126746";"3589.000244140625";"20.20400047302246";"username not found";"ee.kobotoolbox.org:lNzBS6V8FPw2CQiE";"phonenumber not found";"457577461";"6b66ad87-4abf-4c24-9b8c-5430611e37b9";"2025-03-28T23:07:41";"";"";"submitted_via_web";"";"vYtV96ZPoQpbPeiuPBnYNz";"";"10"
"2025-03-28T19:07:07.617-04:00";"2025-03-28T19:07:41.828-04:00";"2025-03-27";"Beata Placida 2";"https://seie.minedu.gob.bo/reportes/mapas_unidades_educativas/ficha/ver/80730725";"-16.5076007843018 -68.127815246582 0 0";"-16.5076007843018";"-68.127815246582";"0";"0";"";"";"";"";"Mañana";"1";"0";"0";"";"";"";"";"";"";"Privado";"0";"1";"0";"";"";"";"";"";"";"";"";"username not found";"ee.kobotoolbox.org:EerG1Rk0lldmTwBR";"phonenumber not found";"457577463";"289e0de3-bc91-45f9-b33c-2dea8a7c80a8";"2025-03-28T23:07:42";"";"";"submitted_via_web";"";"vgfLaQv5nodhjnB8w6sLYb";"";"11"
"2025-03-28T19:07:41.860-04:00";"2025-03-28T19:09:46.449-04:00";"2025-03-27";"Claudio Sanjines";"https://seie.minedu.gob.bo/reportes/mapas_unidades_educativas/ficha/ver/80730469";"-16.50779914856 -68.129577636719 0 0";"-16.50779914856";"-68.129577636719";"0";"0";"";"";"";"";"Tarde";"0";"1";"0";"";"";"";"";"";"";"Fiscal";"1";"0";"0";"";"";"";"";"";"";"";"";"username not found";"ee.kobotoolbox.org:EerG1Rk0lldmTwBR";"phonenumber not found";"457577574";"d30efc42-6a8d-4d66-a94d-fd78f3b8db11";"2025-03-28T23:08:49";"";"";"submitted_via_web";"";"vgfLaQv5nodhjnB8w6sLYb";"";"12"
"2025-03-28T19:08:49.059-04:00";"2025-03-28T19:10:23.245-04:00";"2025-03-27";"Bolivia II";"https://seie.minedu.gob.bo/reportes/mapas_unidades_educativas/ficha/ver/80730630";"-16.50779914856 -68.129577636719 0 0";"-16.50779914856";"-68.129577636719";"0";"0";"";"";"";"";"Noche";"0";"0";"1";"";"";"";"";"";"";"Fiscal";"1";"0";"0";"";"";"";"";"";"";"";"";"username not found";"ee.kobotoolbox.org:EerG1Rk0lldmTwBR";"phonenumber not found";"457577885";"7dcb3387-3a1e-4fdb-ad44-ddea08bde8ba";"2025-03-28T23:10:23";"";"";"submitted_via_web";"";"vgfLaQv5nodhjnB8w6sLYb";"";"13"
"2025-03-28T19:07:40.371-04:00";"2025-03-28T19:10:33.625-04:00";"2025-03-27";"SIMON RODRIGUEZ CARREÑO";"https://seie.minedu.gob.bo/reportes/mapas_unidades_educativas/ficha/ver/80730561";"-16.4756901 -68.1210189 3749.59 5.54";"-16.4756901";"-68.1210189";"3749.59";"5.54";"";"";"";"";"";"";"";"";"";"";"";"";"pt_simon_rodriguez__20250328_170439_8030783753906404031-19_10_17.jpg";"https://kc.kobotoolbox.org/media/original?media_file=andreschirinos%2Fattachments%2F1da2d6884660450ca3ea71e7b896b29e%2F7f846bbc-b8af-4fa5-9712-5fd1287e1f85%2Fpt_simon_rodriguez__20250328_170439_8030783753906404031-19_10_17.jpg";"Fiscal";"1";"0";"0";"";"";"";"-16.50599 -68.126972 3589.000244140625 36.900001525878906";"-16.50599";"-68.126972";"3589.000244140625";"36.900001525878906";"username not found";"ee.kobotoolbox.org:lNzBS6V8FPw2CQiE";"phonenumber not found";"457577900";"7f846bbc-b8af-4fa5-9712-5fd1287e1f85";"2025-03-28T23:10:34";"";"";"submitted_via_web";"";"vYtV96ZPoQpbPeiuPBnYNz";"";"14"
"2025-03-28T19:10:23.275-04:00";"2025-03-28T19:11:05.113-04:00";"2025-03-27";"Macario Pinilla";"https://seie.minedu.gob.bo/reportes/mapas_unidades_educativas/ficha/ver/80730466";"-16.5081996917725 -68.1313323974609 0 0";"-16.5081996917725";"-68.1313323974609";"0";"0";"";"";"";"";"Mañana";"1";"0";"0";"";"";"";"";"";"";"Fiscal";"1";"0";"0";"";"";"";"";"";"";"";"";"username not found";"ee.kobotoolbox.org:EerG1Rk0lldmTwBR";"phonenumber not found";"457577942";"bb85fe12-555b-4951-92de-6e2fb9ac6188";"2025-03-28T23:11:05";"";"";"submitted_via_web";"";"vgfLaQv5nodhjnB8w6sLYb";"";"15"
"2025-03-28T19:11:21.016-04:00";"2025-03-28T19:11:41.499-04:00";"2025-03-27";"Juancito Pinto";"https://seie.minedu.gob.bo/reportes/mapas_unidades_educativas/ficha/ver/80730467";"-16.5081996917725 -68.1313323974609 0 0";"-16.5081996917725";"-68.1313323974609";"0";"0";"";"";"";"";"Tarde";"0";"1";"0";"";"";"";"";"";"";"Fiscal";"1";"0";"0";"";"";"";"";"";"";"";"";"username not found";"ee.kobotoolbox.org:EerG1Rk0lldmTwBR";"phonenumber not found";"457578015";"fb6d333a-41b2-4374-8ea9-31f548bb8235";"2025-03-28T23:11:42";"";"";"submitted_via_web";"";"vgfLaQv5nodhjnB8w6sLYb";"";"16"
"2025-03-28T19:11:41.529-04:00";"2025-03-28T19:12:56.614-04:00";"2025-03-27";"Desmaissieres rr adoratrices";"https://seie.minedu.gob.bo/reportes/mapas_unidades_educativas/ficha/ver/80730487";"-16.508499145508 -68.132049560547 0 0";"-16.508499145508";"-68.132049560547";"0";"0";"";"";"";"";"Mañana";"1";"0";"0";"";"";"";"";"";"";"Privado";"0";"1";"0";"";"";"";"";"";"";"";"";"username not found";"ee.kobotoolbox.org:EerG1Rk0lldmTwBR";"phonenumber not found";"457578189";"0d7181c9-19c8-462f-819a-3b904c0aab6e";"2025-03-28T23:12:57";"";"";"submitted_via_web";"";"vgfLaQv5nodhjnB8w6sLYb";"";"17"
"2025-03-28T19:12:56.639-04:00";"2025-03-28T19:13:41.732-04:00";"2025-03-27";"Cidei";"https://seie.minedu.gob.bo/reportes/mapas_unidades_educativas/ficha/ver/80730896";"-16.5097968241642 -68.128564953804 0 0";"-16.5097968241642";"-68.128564953804";"0";"0";"";"";"";"";"Mañana";"1";"0";"0";"";"";"";"";"";"";"Privado";"0";"1";"0";"";"";"";"";"";"";"";"";"username not found";"ee.kobotoolbox.org:EerG1Rk0lldmTwBR";"phonenumber not found";"457578282";"fd6da86e-98a8-46f6-aea6-c8b22f89e6e2";"2025-03-28T23:13:42";"";"";"submitted_via_web";"";"vgfLaQv5nodhjnB8w6sLYb";"";"18"
"2025-03-28T19:10:33.673-04:00";"2025-03-28T19:13:57.257-04:00";"2025-03-27";"NUESTRA SEÑORA DE FATIMA";"https://seie.minedu.gob.bo/reportes/mapas_unidades_educativas/ficha/ver/80730248";"-16.4761652 -68.1211524 3743.99 9.58";"-16.4761652";"-68.1211524";"3743.99";"9.58";"";"";"";"";"";"";"";"";"";"";"";"";"pt_liceo_20250328_170540_1324240897907538514-19_13_26.jpg";"https://kc.kobotoolbox.org/media/original?media_file=andreschirinos%2Fattachments%2F1da2d6884660450ca3ea71e7b896b29e%2Ff9442c53-e845-4306-b337-dc4ab81eee6f%2Fpt_liceo_20250328_170540_1324240897907538514-19_13_26.jpg";"Privado";"0";"1";"0";"";"";"";"-16.506113 -68.126978 3591.60009765625 34.571998596191406";"-16.506113";"-68.126978";"3591.60009765625";"34.571998596191406";"username not found";"ee.kobotoolbox.org:lNzBS6V8FPw2CQiE";"phonenumber not found";"457578343";"f9442c53-e845-4306-b337-dc4ab81eee6f";"2025-03-28T23:13:58";"";"";"submitted_via_web";"";"vYtV96ZPoQpbPeiuPBnYNz";"";"19"
"2025-03-28T19:13:41.767-04:00";"2025-03-28T19:14:09.699-04:00";"2025-03-27";"Republica de Colombia";"https://seie.minedu.gob.bo/reportes/mapas_unidades_educativas/ficha/ver/80730463";"-16.508499145508 -68.126983642578 0 0";"-16.508499145508";"-68.126983642578";"0";"0";"";"";"";"";"Tarde";"0";"1";"0";"";"";"";"";"";"";"Fiscal";"1";"0";"0";"";"";"";"";"";"";"";"";"username not found";"ee.kobotoolbox.org:EerG1Rk0lldmTwBR";"phonenumber not found";"457578388";"9dd4ff8b-636c-4536-ada5-274133f2cf5e";"2025-03-28T23:14:10";"";"";"submitted_via_web";"";"vgfLaQv5nodhjnB8w6sLYb";"";"20"
"2025-03-28T19:14:09.718-04:00";"2025-03-28T19:14:46.336-04:00";"2025-03-27";"Republica del Ecuador";"https://seie.minedu.gob.bo/reportes/mapas_unidades_educativas/ficha/ver/80730464";"-16.508499145508 -68.126983642578 0 0";"-16.508499145508";"-68.126983642578";"0";"0";"";"";"";"";"Mañana";"1";"0";"0";"";"";"";"";"";"";"Fiscal";"1";"0";"0";"";"";"";"";"";"";"";"";"username not found";"ee.kobotoolbox.org:EerG1Rk0lldmTwBR";"phonenumber not found";"457578482";"80f13b7c-4a42-4143-be15-350e31f379fc";"2025-03-28T23:14:46";"";"";"submitted_via_web";"";"vgfLaQv5nodhjnB8w6sLYb";"";"21"
"2025-03-28T19:10:25.283-04:00";"2025-04-03T08:24:21.976-04:00";"2025-03-27";"Santa Rosa La Florida A";"https://seie.minedu.gob.bo/reportes/mapas_unidades_educativas/ficha/ver/80730334";"-16.545753923568427 -68.091560463471 3672.17578125 28.007999420166016";"-16.545753923568427";"-68.091560463471";"3672.17578125";"28.007999420166016";"";"";"";"";"Mañana";"1";"0";"0";"";"";"";"";"1000043239-19_15_22.jpg";"https://kc.kobotoolbox.org/media/original?media_file=andreschirinos%2Fattachments%2F1da2d6884660450ca3ea71e7b896b29e%2F570e4af9-b0ef-4d96-9161-d0ef266e2829%2F1000043239-19_15_22.jpg";"";"";"";"";"";"";"";"";"";"";"";"";"username not found";"ee.kobotoolbox.org:8xp494HIMoJRvh9V";"phonenumber not found";"457578639";"7818e822-a882-409e-b3fe-22011f993890";"2025-03-28T23:16:54";"";"";"submitted_via_web";"";"vgfLaQv5nodhjnB8w6sLYb";"";"22"
"2025-03-28T19:16:53.441-04:00";"2025-04-03T08:11:40.562-04:00";"2025-03-27";"La Salle B";"https://seie.minedu.gob.bo/reportes/mapas_unidades_educativas/ficha/ver/80730715";"-16.548492022158598 -68.08968951999174 0 0";"-16.548492022158598";"-68.08968951999174";"0";"0";"";"";"";"";"Mañana";"1";"0";"0";"";"";"";"";"Captura de pantalla 2025-04-03 080957-8_11_27.png";"https://kc.kobotoolbox.org/media/original?media_file=andreschirinos%2Fattachments%2F1da2d6884660450ca3ea71e7b896b29e%2Fbe205508-21ed-4121-92c3-36c17ffbfa31%2FCaptura_de_pantalla_2025-04-03_080957-8_11_27.png";"";"";"";"";"";"";"";"-16.505951 -68.126781 3589.60009765625 20.679000854492188";"-16.505951";"-68.126781";"3589.60009765625";"20.679000854492188";"username not found";"ee.kobotoolbox.org:8xp494HIMoJRvh9V";"phonenumber not found";"457578843";"be205508-21ed-4121-92c3-36c17ffbfa31";"2025-03-28T23:18:33";"";"";"submitted_via_web";"";"vgfLaQv5nodhjnB8w6sLYb";"";"23"
"2025-03-28T19:18:32.791-04:00";"2025-04-03T08:20:17.657-04:00";"2025-03-27";"Yachaykuna";"https://seie.minedu.gob.bo/reportes/mapas_unidades_educativas/ficha/ver/80730759";"-16.53934714197017 -68.07867665962864 0 0";"-16.53934714197017";"-68.07867665962864";"0";"0";"";"";"";"";"Mañana";"1";"0";"0";"";"";"";"";"Captura de pantalla 2025-04-03 081954-8_20_2.png";"https://kc.kobotoolbox.org/media/original?media_file=andreschirinos%2Fattachments%2F1da2d6884660450ca3ea71e7b896b29e%2F4e881129-bf71-48d4-8d92-cbae1007bb16%2FCaptura_de_pantalla_2025-04-03_081954-8_20_2.png";"";"";"";"";"";"";"";"-16.505997 -68.126824 3590.400146484375 28.267000198364258";"-16.505997";"-68.126824";"3590.400146484375";"28.267000198364258";"username not found";"ee.kobotoolbox.org:8xp494HIMoJRvh9V";"phonenumber not found";"457579059";"4e881129-bf71-48d4-8d92-cbae1007bb16";"2025-03-28T23:20:48";"";"";"submitted_via_web";"";"vgfLaQv5nodhjnB8w6sLYb";"";"24"
"2025-03-28T19:20:48.039-04:00";"2025-04-03T08:15:26.058-04:00";"2025-03-27";"Saint Andrew's School";"https://seie.minedu.gob.bo/reportes/mapas_unidades_educativas/ficha/ver/80730356";"-16.549032174653227 -68.08775539089697 0 0";"-16.549032174653227";"-68.08775539089697";"0";"0";"";"";"";"";"Mañana";"1";"0";"0";"";"";"";"";"Captura de pantalla 2025-04-03 081451-8_14_59.png";"https://kc.kobotoolbox.org/media/original?media_file=andreschirinos%2Fattachments%2F1da2d6884660450ca3ea71e7b896b29e%2Fdedc7e49-6a66-4294-a784-88fcff7ee275%2FCaptura_de_pantalla_2025-04-03_081451-8_14_59.png";"";"";"";"";"";"";"";"-16.505997 -68.126824 3590.400146484375 100";"-16.505997";"-68.126824";"3590.400146484375";"100";"username not found";"ee.kobotoolbox.org:8xp494HIMoJRvh9V";"phonenumber not found";"457579219";"dedc7e49-6a66-4294-a784-88fcff7ee275";"2025-03-28T23:22:40";"";"";"submitted_via_web";"";"vgfLaQv5nodhjnB8w6sLYb";"";"25"
"2025-03-28T19:22:39.632-04:00";"2025-04-03T08:06:18.787-04:00";"2025-03-27";"SAINT ANDREWS";"https://seie.minedu.gob.bo/reportes/mapas_unidades_educativas/ficha/ver/80730356";"-16.548807208963947 -68.08628254538925 0 0";"-16.548807208963947";"-68.08628254538925";"0";"0";"";"";"";"";"Mañana";"1";"0";"0";"";"";"";"";"Captura de pantalla 2025-04-03 080601-8_6_12.png";"https://kc.kobotoolbox.org/media/original?media_file=andreschirinos%2Fattachments%2F1da2d6884660450ca3ea71e7b896b29e%2F571b755b-8b4a-433b-b356-d6d4959f37d4%2FCaptura_de_pantalla_2025-04-03_080601-8_6_12.png";"";"";"";"";"";"";"";"-16.506212 -68.126646 3588.10009765625 25.97599983215332";"-16.506212";"-68.126646";"3588.10009765625";"25.97599983215332";"username not found";"ee.kobotoolbox.org:8xp494HIMoJRvh9V";"phonenumber not found";"457579482";"571b755b-8b4a-433b-b356-d6d4959f37d4";"2025-03-28T23:25:24";"";"";"submitted_via_web";"";"vgfLaQv5nodhjnB8w6sLYb";"";"26"
"2025-03-28T19:25:23.906-04:00";"2025-04-03T08:01:10.708-04:00";"2025-03-27";"Loretto";"https://seie.minedu.gob.bo/reportes/mapas_unidades_educativas/ficha/ver/80730932";"-16.54532031777888 -68.07861949180938 0 0";"-16.54532031777888";"-68.07861949180938";"0";"0";"";"";"";"";"Mañana";"1";"0";"0";"";"";"";"";"Captura de pantalla 2025-04-03 080014-8_0_28.png";"https://kc.kobotoolbox.org/media/original?media_file=andreschirinos%2Fattachments%2F1da2d6884660450ca3ea71e7b896b29e%2F1d54f608-62d4-4665-a58e-3dfb04e48767%2FCaptura_de_pantalla_2025-04-03_080014-8_0_28.png";"";"";"";"";"";"";"";"-16.505663 -68.126654 3586.900146484375 17.479000091552734";"-16.505663";"-68.126654";"3586.900146484375";"17.479000091552734";"username not found";"ee.kobotoolbox.org:8xp494HIMoJRvh9V";"phonenumber not found";"457580419";"1d54f608-62d4-4665-a58e-3dfb04e48767";"2025-03-28T23:33:17";"";"";"submitted_via_web";"";"vgfLaQv5nodhjnB8w6sLYb";"";"27"
"2025-03-28T19:33:15.801-04:00";"2025-04-03T07:56:31.345-04:00";"2025-03-27";"Los pinos";"https://seie.minedu.gob.bo/reportes/mapas_unidades_educativas/ficha/ver/80730364";"-16.541627792570267 -68.07642602570618 0 0";"-16.541627792570267";"-68.07642602570618";"0";"0";"";"";"";"";"Mañana";"1";"0";"0";"";"";"";"";"Captura de pantalla 2025-04-03 075518-7_55_43.png";"https://kc.kobotoolbox.org/media/original?media_file=andreschirinos%2Fattachments%2F1da2d6884660450ca3ea71e7b896b29e%2F158eadac-0056-446b-9cdd-a5be28ad059d%2FCaptura_de_pantalla_2025-04-03_075518-7_55_43.png";"";"";"";"";"";"";"";"-16.505852 -68.127119 3591.7001953125 12.75100040435791";"-16.505852";"-68.127119";"3591.7001953125";"12.75100040435791";"username not found";"ee.kobotoolbox.org:8xp494HIMoJRvh9V";"phonenumber not found";"457580462";"158eadac-0056-446b-9cdd-a5be28ad059d";"2025-03-28T23:33:56";"";"";"submitted_via_web";"";"vgfLaQv5nodhjnB8w6sLYb";"";"28"
"2025-03-28T19:33:55.669-04:00";"2025-03-28T19:35:10.895-04:00";"2025-03-27";"C. E. A";"";"-16.5389064 -68.0779062 0 0";"-16.5389064";"-68.0779062";"0";"0";"";"";"";"";"";"";"";"";"";"";"";"";"";"";"";"";"";"";"";"";"";"-16.505856 -68.12709 3591.7001953125 12.397000312805176";"-16.505856";"-68.12709";"3591.7001953125";"12.397000312805176";"username not found";"ee.kobotoolbox.org:8xp494HIMoJRvh9V";"phonenumber not found";"457580615";"3bfcba1d-c004-4076-a4bc-c33003795d9c";"2025-03-28T23:35:11";"";"";"submitted_via_web";"";"vgfLaQv5nodhjnB8w6sLYb";"";"29"
"2025-03-28T19:35:10.938-04:00";"2025-04-03T08:31:28.355-04:00";"2025-03-27";"Rene Barrientos Ortuño A";"https://seie.minedu.gob.bo/reportes/mapas_unidades_educativas/ficha/ver/80730621";"-16.538863048402035 -68.07806709698734 0 0";"-16.538863048402035";"-68.07806709698734";"0";"0";"";"";"";"";"Tarde";"0";"1";"0";"";"";"";"";"Captura de pantalla 2025-04-03 082747-8_31_26.png";"https://kc.kobotoolbox.org/media/original?media_file=andreschirinos%2Fattachments%2F1da2d6884660450ca3ea71e7b896b29e%2F6139f392-b168-4804-92c5-5dfcfe789861%2FCaptura_de_pantalla_2025-04-03_082747-8_31_26.png";"";"";"";"";"";"";"";"-16.505882 -68.12711 3591.7001953125 13.864999771118164";"-16.505882";"-68.12711";"3591.7001953125";"13.864999771118164";"username not found";"ee.kobotoolbox.org:8xp494HIMoJRvh9V";"phonenumber not found";"457580678";"6139f392-b168-4804-92c5-5dfcfe789861";"2025-03-28T23:35:53";"";"";"submitted_via_web";"";"vgfLaQv5nodhjnB8w6sLYb";"";"30"
"2025-03-28T19:35:52.418-04:00";"2025-04-03T08:30:47.517-04:00";"2025-03-27";"Julio Cesar Patiño B";"https://seie.minedu.gob.bo/reportes/mapas_unidades_educativas/ficha/ver/80730623";"-16.53812644647466 -68.07779309146791 0 0";"-16.53812644647466";"-68.07779309146791";"0";"0";"";"";"";"";"Mañana";"1";"0";"0";"";"";"";"";"Captura de pantalla 2025-04-03 082849-8_30_45.png";"https://kc.kobotoolbox.org/media/original?media_file=andreschirinos%2Fattachments%2F1da2d6884660450ca3ea71e7b896b29e%2F721ead30-68cc-4164-84f6-379684097412%2FCaptura_de_pantalla_2025-04-03_082849-8_30_45.png";"";"";"";"";"";"";"";"-16.505845 -68.127114 3591.7001953125 11.477999687194824";"-16.505845";"-68.127114";"3591.7001953125";"11.477999687194824";"username not found";"ee.kobotoolbox.org:8xp494HIMoJRvh9V";"phonenumber not found";"457580902";"721ead30-68cc-4164-84f6-379684097412";"2025-03-28T23:38:48";"";"";"submitted_via_web";"";"vgfLaQv5nodhjnB8w6sLYb";"";"31"
"2025-03-28T19:38:47.864-04:00";"2025-04-03T08:34:53.065-04:00";"2025-03-27";"San Andres A";"https://seie.minedu.gob.bo/reportes/mapas_unidades_educativas/ficha/ver/80730325";"-16.538022276915484 -68.0710285634106 0 0";"-16.538022276915484";"-68.0710285634106";"0";"0";"";"";"";"";"Mañana";"1";"0";"0";"";"";"";"";"Captura de pantalla 2025-04-03 083442-8_34_50.png";"https://kc.kobotoolbox.org/media/original?media_file=andreschirinos%2Fattachments%2F1da2d6884660450ca3ea71e7b896b29e%2Fdf0196a2-7144-41aa-98ca-690c60ee378e%2FCaptura_de_pantalla_2025-04-03_083442-8_34_50.png";"";"";"";"";"";"";"";"-16.505741 -68.127001 3591.7001953125 6.080999851226807";"-16.505741";"-68.127001";"3591.7001953125";"6.080999851226807";"username not found";"ee.kobotoolbox.org:8xp494HIMoJRvh9V";"phonenumber not found";"457581032";"df0196a2-7144-41aa-98ca-690c60ee378e";"2025-03-28T23:40:56";"";"";"submitted_via_web";"";"vgfLaQv5nodhjnB8w6sLYb";"";"32"
"2025-03-28T19:40:43.834-04:00";"2025-04-03T08:32:34.998-04:00";"2025-03-27";"Cumbre";"https://seie.minedu.gob.bo/reportes/mapas_unidades_educativas/ficha/ver/80730347";"-16.538584 -68.071073 0 0";"-16.538584";"-68.071073";"0";"0";"";"";"";"";"Mañana";"1";"0";"0";"";"";"";"";"Captura de pantalla 2025-04-03 083205-8_32_32.png";"https://kc.kobotoolbox.org/media/original?media_file=andreschirinos%2Fattachments%2F1da2d6884660450ca3ea71e7b896b29e%2F7a41265f-1033-4a71-a39b-c592744faf1e%2FCaptura_de_pantalla_2025-04-03_083205-8_32_32.png";"";"";"";"";"";"";"";"-16.505726 -68.12703 3591.7001953125 45.069000244140625";"-16.505726";"-68.12703";"3591.7001953125";"45.069000244140625";"username not found";"ee.kobotoolbox.org:8xp494HIMoJRvh9V";"phonenumber not found";"457581166";"7a41265f-1033-4a71-a39b-c592744faf1e";"2025-03-28T23:42:07";"";"";"submitted_via_web";"";"vgfLaQv5nodhjnB8w6sLYb";"";"33"
"2025-03-28T19:13:57.322-04:00";"2025-03-28T21:25:57.139-04:00";"2025-03-27";"JOSE MARTI";"https://seie.minedu.gob.bo/reportes/mapas_unidades_educativas/ficha/ver/80730404";"-16.5013418 -68.1317216 0 0";"-16.5013418";"-68.1317216";"0";"0";"";"";"";"";"Tarde";"0";"1";"0";"";"";"";"";"IMG-20250328-WA0004-19_52_29.jpg";"https://kc.kobotoolbox.org/media/original?media_file=andreschirinos%2Fattachments%2F1da2d6884660450ca3ea71e7b896b29e%2F80db7842-bd64-467a-a7fc-e9b9feaddbff%2FIMG-20250328-WA0004-19_52_29.jpg";"Fiscal";"1";"0";"0";"";"";"";"-16.506138 -68.127016 3590.2001953125 26.9689998626709";"-16.506138";"-68.127016";"3590.2001953125";"26.9689998626709";"username not found";"ee.kobotoolbox.org:lNzBS6V8FPw2CQiE";"phonenumber not found";"457581978";"8e3292aa-3267-433d-b5bf-b98d6853d24c";"2025-03-28T23:52:39";"";"";"submitted_via_web";"";"vgfLaQv5nodhjnB8w6sLYb";"";"34"
"2025-03-28T19:52:38.855-04:00";"2025-03-28T19:55:39.432-04:00";"2025-03-27";"REPUBLICA DE ARGENTINA";"https://seie.minedu.gob.bo/reportes/mapas_unidades_educativas/ficha/ver/80730405";"-16.501600265503 -68.131828308105 0 0";"-16.501600265503";"-68.131828308105";"0";"0";"";"";"";"";"Mañana";"1";"0";"0";"";"";"";"";"IMG-20250328-WA0004-19_55_34.jpg";"https://kc.kobotoolbox.org/media/original?media_file=andreschirinos%2Fattachments%2F1da2d6884660450ca3ea71e7b896b29e%2F490b52a1-418f-475d-ad31-e69e417468e8%2FIMG-20250328-WA0004-19_55_34.jpg";"Fiscal";"1";"0";"0";"";"";"";"-16.504128 -68.128226 3587.60009765625 57.2140007019043";"-16.504128";"-68.128226";"3587.60009765625";"57.2140007019043";"username not found";"ee.kobotoolbox.org:lNzBS6V8FPw2CQiE";"phonenumber not found";"457582215";"490b52a1-418f-475d-ad31-e69e417468e8";"2025-03-28T23:55:40";"";"";"submitted_via_web";"";"vgfLaQv5nodhjnB8w6sLYb";"";"35"
"2025-03-28T21:39:55.429-04:00";"2025-04-03T08:35:02.284-04:00";"2025-03-27";"San Andres B";"https://seie.minedu.gob.bo/reportes/mapas_unidades_educativas/ficha/ver/80730326";"-16.537977280054598 -68.0710198462307 0 0";"-16.537977280054598";"-68.0710198462307";"0";"0";"Fiscal";"1";"0";"0";"Tarde";"0";"1";"0";"Inicial Primario";"1";"1";"0";"Captura de pantalla 2025-04-03 083442-8_34_59.png";"https://kc.kobotoolbox.org/media/original?media_file=andreschirinos%2Fattachments%2F1da2d6884660450ca3ea71e7b896b29e%2Fd51d9836-1d39-4930-be3e-b61906b2f209%2FCaptura_de_pantalla_2025-04-03_083442-8_34_59.png";"";"";"";"";"";"";"";"";"";"";"";"";"";"";"";"457591388";"d51d9836-1d39-4930-be3e-b61906b2f209";"2025-03-29T01:42:27";"";"";"submitted_via_web";"";"vz9MoHKH3BvKzRNYMVvfw6";"";"36"
"2025-03-28T21:42:25.223-04:00";"2025-04-03T08:29:58.819-04:00";"2025-03-27";"Julio Cesar Patiño C";"https://seie.minedu.gob.bo/reportes/mapas_unidades_educativas/ficha/ver/80730624";"-16.53812644647466 -68.07779309146791 0 0";"-16.53812644647466";"-68.07779309146791";"0";"0";"Fiscal";"1";"0";"0";"Tarde";"0";"1";"0";"Primario";"0";"1";"0";"Captura de pantalla 2025-04-03 082849-8_29_55.png";"https://kc.kobotoolbox.org/media/original?media_file=andreschirinos%2Fattachments%2F1da2d6884660450ca3ea71e7b896b29e%2F5a83109f-7c7f-44d0-b5d2-c5aafc722037%2FCaptura_de_pantalla_2025-04-03_082849-8_29_55.png";"";"";"";"";"";"";"";"";"";"";"";"";"";"";"";"457591917";"5a83109f-7c7f-44d0-b5d2-c5aafc722037";"2025-03-29T01:48:20";"";"";"submitted_via_web";"";"vz9MoHKH3BvKzRNYMVvfw6";"";"37"
"2025-03-28T21:48:19.255-04:00";"2025-04-03T08:29:35.308-04:00";"2025-03-27";"Julio Cesar Patiño A";"https://seie.minedu.gob.bo/reportes/mapas_unidades_educativas/ficha/ver/80730622";"-16.537687924252044 -68.07778230649076 0 0";"-16.537687924252044";"-68.07778230649076";"0";"0";"Fiscal";"1";"0";"0";"Mañana";"1";"0";"0";"Inicial";"1";"0";"0";"Captura de pantalla 2025-04-03 082849-8_29_32.png";"https://kc.kobotoolbox.org/media/original?media_file=andreschirinos%2Fattachments%2F1da2d6884660450ca3ea71e7b896b29e%2F9e2e561b-7f69-455f-b3e1-ad0d33fa5c4f%2FCaptura_de_pantalla_2025-04-03_082849-8_29_32.png";"";"";"";"";"";"";"";"";"";"";"";"";"";"";"";"457592016";"9e2e561b-7f69-455f-b3e1-ad0d33fa5c4f";"2025-03-29T01:49:35";"";"";"submitted_via_web";"";"vz9MoHKH3BvKzRNYMVvfw6";"";"38"
"2025-03-28T21:49:33.768-04:00";"2025-04-03T08:29:26.706-04:00";"2025-03-27";"Julio Cesar Patiño D";"https://seie.minedu.gob.bo/reportes/mapas_unidades_educativas/ficha/ver/80730625";"-16.537711664204696 -68.07775754209976 0 0";"-16.537711664204696";"-68.07775754209976";"0";"0";"Fiscal";"1";"0";"0";"Tarde";"0";"1";"0";"Inicial";"1";"0";"0";"Captura de pantalla 2025-04-03 082849-8_29_24.png";"https://kc.kobotoolbox.org/media/original?media_file=andreschirinos%2Fattachments%2F1da2d6884660450ca3ea71e7b896b29e%2F65e1da57-fef6-408e-8075-60e38d734b1f%2FCaptura_de_pantalla_2025-04-03_082849-8_29_24.png";"";"";"";"";"";"";"";"";"";"";"";"";"";"";"";"457592111";"65e1da57-fef6-408e-8075-60e38d734b1f";"2025-03-29T01:50:49";"";"";"submitted_via_web";"";"vz9MoHKH3BvKzRNYMVvfw6";"";"39"
"2025-03-28T21:50:47.421-04:00";"2025-04-03T08:28:00.693-04:00";"2025-03-27";"Rene Barrientos Ortuño B";"https://seie.minedu.gob.bo/reportes/mapas_unidades_educativas/ficha/ver/80730621";"-16.538863048402035 -68.07806709698734 0 0";"-16.538863048402035";"-68.07806709698734";"0";"0";"Fiscal";"1";"0";"0";"Tarde";"0";"1";"0";"Secundario";"0";"0";"1";"Captura de pantalla 2025-04-03 082747-8_27_57.png";"https://kc.kobotoolbox.org/media/original?media_file=andreschirinos%2Fattachments%2F1da2d6884660450ca3ea71e7b896b29e%2Ff97e8492-60ea-40bf-9d63-fb5970a7e37e%2FCaptura_de_pantalla_2025-04-03_082747-8_27_57.png";"";"";"";"";"";"";"";"";"";"";"";"";"";"";"";"457592284";"f97e8492-60ea-40bf-9d63-fb5970a7e37e";"2025-03-29T01:54:36";"";"";"submitted_via_web";"";"vz9MoHKH3BvKzRNYMVvfw6";"";"40"
"2025-03-31T21:44:31.040-04:00";"2025-03-31T21:49:12.333-04:00";"2025-03-30";"BOLIVIANO NORUEGO A";"https://seie.minedu.gob.bo/reportes/mapas_unidades_educativas/ficha/ver/80730585";"-16.4968903 -68.1210113 3589.38 3.68";"-16.4968903";"-68.1210113";"3589.38";"3.68";"Privado";"0";"1";"0";"Mañana";"1";"0";"0";"Inicial Primario Secundario";"1";"1";"1";"Noruego-21_48_22.jpg";"https://kc.kobotoolbox.org/media/original?media_file=andreschirinos%2Fattachments%2F1da2d6884660450ca3ea71e7b896b29e%2F65e0319a-963b-43cd-847e-74d798253429%2FNoruego-21_48_22.jpg";"";"";"";"";"";"";"";"";"";"";"";"";"";"";"";"458254011";"65e0319a-963b-43cd-847e-74d798253429";"2025-04-01T01:49:14";"";"";"submitted_via_web";"";"vz9MoHKH3BvKzRNYMVvfw6";"";"41"
"2025-03-31T21:49:12.347-04:00";"2025-03-31T21:50:45.086-04:00";"2025-03-30";"BOLIVIANO NORUEGO B";"https://seie.minedu.gob.bo/reportes/mapas_unidades_educativas/ficha/ver/80730585";"-16.4968903 -68.1210113 3589.38 3.68";"-16.4968903";"-68.1210113";"3589.38";"3.68";"Fiscal";"1";"0";"0";"Tarde";"0";"1";"0";"Inicial Primario Secundario";"1";"1";"1";"Noruego-21_50_43.jpg";"https://kc.kobotoolbox.org/media/original?media_file=andreschirinos%2Fattachments%2F1da2d6884660450ca3ea71e7b896b29e%2F23ac5b94-f6f1-49fc-9ee9-172dfc6524f5%2FNoruego-21_50_43.jpg";"";"";"";"";"";"";"";"";"";"";"";"";"";"";"";"458254105";"23ac5b94-f6f1-49fc-9ee9-172dfc6524f5";"2025-04-01T01:50:46";"";"";"submitted_via_web";"";"vz9MoHKH3BvKzRNYMVvfw6";"";"42"
"2025-03-31T21:50:45.095-04:00";"2025-03-31T21:53:58.050-04:00";"2025-03-30";"HUGO DAVILA A";"https://seie.minedu.gob.bo/reportes/mapas_unidades_educativas/ficha/ver/80730432";"-16.499235 -68.1195284 3633.59 5.63";"-16.499235";"-68.1195284";"3633.59";"5.63";"Fiscal";"1";"0";"0";"Mañana";"1";"0";"0";"Secundario";"0";"0";"1";"hugoDavila-21_53_48.jpg";"https://kc.kobotoolbox.org/media/original?media_file=andreschirinos%2Fattachments%2F1da2d6884660450ca3ea71e7b896b29e%2Fa7e20f63-b563-4270-a55a-a5ec9848becd%2FhugoDavila-21_53_48.jpg";"";"";"";"";"";"";"";"";"";"";"";"";"";"";"";"458254254";"a7e20f63-b563-4270-a55a-a5ec9848becd";"2025-04-01T01:53:59";"";"";"submitted_via_web";"";"vz9MoHKH3BvKzRNYMVvfw6";"";"43"
"2025-03-31T21:53:58.060-04:00";"2025-03-31T21:55:25.894-04:00";"2025-03-30";"HUGO DAVILA B";"https://seie.minedu.gob.bo/reportes/mapas_unidades_educativas/ficha/ver/80730433";"-16.499235 -68.1195284 3633.59 5.63";"-16.499235";"-68.1195284";"3633.59";"5.63";"Fiscal";"1";"0";"0";"Tarde";"0";"1";"0";"Secundario";"0";"0";"1";"hugoDavila-21_55_19.jpg";"https://kc.kobotoolbox.org/media/original?media_file=andreschirinos%2Fattachments%2F1da2d6884660450ca3ea71e7b896b29e%2Fefa59c36-8785-4b61-a875-403715b097a5%2FhugoDavila-21_55_19.jpg";"";"";"";"";"";"";"";"";"";"";"";"";"";"";"";"458254348";"efa59c36-8785-4b61-a875-403715b097a5";"2025-04-01T01:55:27";"";"";"submitted_via_web";"";"vz9MoHKH3BvKzRNYMVvfw6";"";"44"
"2025-03-31T21:55:25.903-04:00";"2025-03-31T22:02:02.879-04:00";"2025-03-30";"ADVENTISTA MIRAFLORES";"https://seie.minedu.gob.bo/reportes/mapas_unidades_educativas/ficha/ver/80730480";"-16.5006607 -68.1209167 3549.53 5.37";"-16.5006607";"-68.1209167";"3549.53";"5.37";"Privado";"0";"1";"0";"";"";"";"";"Inicial Primario Secundario";"1";"1";"1";"Adventista-21_57_8.jpg";"https://kc.kobotoolbox.org/media/original?media_file=andreschirinos%2Fattachments%2F1da2d6884660450ca3ea71e7b896b29e%2Fef9be4e6-2f87-4d5b-aa8c-a5cf2202da9f%2FAdventista-21_57_8.jpg";"";"";"";"";"";"";"";"";"";"";"";"";"";"";"";"458254493";"4c46e30d-4189-4baf-816b-42420b7b4b41";"2025-04-01T01:57:23";"";"";"submitted_via_web";"";"vz9MoHKH3BvKzRNYMVvfw6";"";"45"
"2025-03-28T21:54:34.660-04:00";"2025-04-03T08:10:44.146-04:00";"2025-03-27";"La salle A";"https://seie.minedu.gob.bo/reportes/mapas_unidades_educativas/ficha/ver/80730331";"-16.548492022158598 -68.08968951999174 0 0";"-16.548492022158598";"-68.08968951999174";"0";"0";"Fiscal";"1";"0";"0";"Tarde";"0";"1";"0";"Secundario";"0";"0";"1";"Captura de pantalla 2025-04-03 080957-8_10_8.png";"https://kc.kobotoolbox.org/media/original?media_file=andreschirinos%2Fattachments%2F1da2d6884660450ca3ea71e7b896b29e%2Ff4df327e-057c-4d5d-b21c-1925f2cb7be2%2FCaptura_de_pantalla_2025-04-03_080957-8_10_8.png";"";"";"";"";"";"";"";"";"";"";"";"";"";"";"";"459061232";"f4df327e-057c-4d5d-b21c-1925f2cb7be2";"2025-04-03T12:10:44";"";"";"submitted_via_web";"";"vz9MoHKH3BvKzRNYMVvfw6";"";"46"
"2025-04-03T08:10:44.168-04:00";"2025-04-03T08:25:13.738-04:00";"2025-04-02";"Santa Rosa La Florida B";"https://seie.minedu.gob.bo/reportes/mapas_unidades_educativas/ficha/ver/80730333";"-16.545753923568427 -68.091560463471 0 0";"-16.545753923568427";"-68.091560463471";"0";"0";"Fiscal";"1";"0";"0";"Tarde";"0";"1";"0";"Secundario";"0";"0";"1";"Captura de pantalla 2025-04-03 082415-8_24_44.png";"https://kc.kobotoolbox.org/media/original?media_file=andreschirinos%2Fattachments%2F1da2d6884660450ca3ea71e7b896b29e%2F312aff86-2409-48d6-bc4c-1b313f7b2de0%2FCaptura_de_pantalla_2025-04-03_082415-8_24_44.png";"";"";"";"";"";"";"";"";"";"";"";"";"";"";"";"459067546";"312aff86-2409-48d6-bc4c-1b313f7b2de0";"2025-04-03T12:25:13";"";"";"submitted_via_web";"";"vz9MoHKH3BvKzRNYMVvfw6";"";"47"
